{
    "prc": [
        {
            "precision": 0.019560557341907824,
            "recall": 1.0,
            "threshold": 0.0
        },
        {
            "precision": 0.4691358024691358,
            "recall": 0.2602739726027397,
            "threshold": 1.0
        }
    ]
}