{
    "avg_prec": 0.13657329237502194,
    "roc_auc": 0.6271990251097874
}