{
    "avg_prec": 0.2728169311338533,
    "roc_auc": 0.8934518750912556
}